Model,Lead,Stroke,RPM
GTH3,2,50,3000
GTH3,2,100,3000
GTH3,2,150,3000
GTH3,2,200,3000
GTH3,2,250,3000
GTH3,2,300,3000
GTH3,2,350,3000
GTH3,2,400,3000
GTH3,2,450,3000
GTH3,2,500,3000
GTH3,8,50,3600
GTH3,8,100,3600
GTH3,8,150,3600
GTH3,8,200,3600
GTH3,8,250,3000
GTH3,8,300,2400
GTH3,8,350,2100
GTH3,8,400,1800
GTH3,8,450,1500
GTH3,8,500,1200
GTH3,12,50,3000
GTH3,12,100,3000
GTH3,12,150,3000
GTH3,12,200,3000
GTH3,12,250,3000
GTH3,12,300,3000
GTH4,2,50,3000
GTH4,2,100,3000
GTH4,2,150,3000
GTH4,2,200,3000
GTH4,2,250,3000
GTH4,2,300,3000
GTH4,2,350,3000
GTH4,2,400,3000
GTH4,2,450,3000
GTH4,2,500,3000
GTH4,2,550,3000
GTH4,2,600,2700
GTH4,2,650,2400
GTH4,2,700,2100
GTH4,2,750,1800
GTH4,2,800,1500
GTH4,2,850,1300
GTH4,2,900,1200
GTH4,2,950,1100
GTH4,2,1000,1000
GTH4,6,50,3600
GTH4,6,100,3600
GTH4,6,150,3600
GTH4,6,200,3600
GTH4,6,250,3600
GTH4,6,300,3600
GTH4,6,350,3600
GTH4,6,400,3600
GTH4,6,450,3600
GTH4,6,500,3300
GTH4,6,550,3200
GTH4,6,600,2700
GTH4,6,650,2400
GTH4,6,700,2100
GTH4,6,750,1800
GTH4,6,800,1500
GTH4,6,850,1300
GTH4,6,900,1200
GTH4,6,950,1100
GTH4,6,1000,1000
GTH4,12,50,3600
GTH4,12,100,3600
GTH4,12,150,3600
GTH4,12,200,3600
GTH4,12,250,3600
GTH4,12,300,3600
GTH4,12,350,3600
GTH4,12,400,3600
GTH4,12,450,3600
GTH4,12,500,3300
GTH4,12,550,3200
GTH4,12,600,2700
GTH4,12,650,2400
GTH4,12,700,2100
GTH4,12,750,1800
GTH4,12,800,1500
GTH4,12,850,1300
GTH4,12,900,1200
GTH4,12,950,1100
GTH4,12,1000,1000
GTH5,2,50,3000
GTH5,2,100,3000
GTH5,2,150,3000
GTH5,2,200,3000
GTH5,2,250,3000
GTH5,2,300,3000
GTH5,2,350,3000
GTH5,2,400,3000
GTH5,2,450,3000
GTH5,2,500,3000
GTH5,2,550,3000
GTH5,2,600,3000
GTH5,2,650,2700
GTH5,2,700,2400
GTH5,2,750,2100
GTH5,2,800,1800
GTH5,2,850,1500
GTH5,2,900,1400
GTH5,2,950,1200
GTH5,2,1000,1100
GTH5,2,1050,1000
GTH5,5,50,3600
GTH5,5,100,3600
GTH5,5,150,3600
GTH5,5,200,3600
GTH5,5,250,3600
GTH5,5,300,3600
GTH5,5,350,3600
GTH5,5,400,3600
GTH5,5,450,3600
GTH5,5,500,3600
GTH5,5,550,3500
GTH5,5,600,3000
GTH5,5,650,2700
GTH5,5,700,2400
GTH5,5,750,2100
GTH5,5,800,1800
GTH5,5,850,1500
GTH5,5,900,1400
GTH5,5,950,1200
GTH5,5,1000,1100
GTH5,5,1050,1000
GTH5,10,50,3600
GTH5,10,100,3600
GTH5,10,150,3600
GTH5,10,200,3600
GTH5,10,250,3600
GTH5,10,300,3600
GTH5,10,350,3600
GTH5,10,400,3600
GTH5,10,450,3600
GTH5,10,500,3600
GTH5,10,550,3500
GTH5,10,600,3000
GTH5,10,650,2700
GTH5,10,700,2400
GTH5,10,750,2100
GTH5,10,800,1800
GTH5,10,850,1500
GTH5,10,900,1400
GTH5,10,950,1200
GTH5,10,1000,1100
GTH5,10,1050,1000
GTH5,20,50,3600
GTH5,20,100,3600
GTH5,20,150,3600
GTH5,20,200,3600
GTH5,20,250,3600
GTH5,20,300,3600
GTH5,20,350,3600
GTH5,20,400,3600
GTH5,20,450,3600
GTH5,20,500,3600
GTH5,20,550,3500
GTH5,20,600,3000
GTH5,20,650,2700
GTH5,20,700,2400
GTH5,20,750,2100
GTH5,20,800,1800
GTH5,20,850,1500
GTH5,20,900,1400
GTH5,20,950,1200
GTH5,20,1000,1100
GTH5,20,1050,1000
GTH8,5,50,3600
GTH8,5,100,3600
GTH8,5,150,3600
GTH8,5,200,3600
GTH8,5,250,3600
GTH8,5,300,3600
GTH8,5,350,3600
GTH8,5,400,3600
GTH8,5,450,3600
GTH8,5,500,3600
GTH8,5,550,3600
GTH8,5,600,3600
GTH8,5,650,3500
GTH8,5,700,3000
GTH8,5,750,3000
GTH8,5,800,2700
GTH8,5,850,2400
GTH8,5,900,2100
GTH8,5,950,1800
GTH8,5,1000,1600
GTH8,5,1050,1400
GTH8,5,1100,1300
GTH8,5,1150,1200
GTH8,5,1200,1100
GTH8,5,1250,1000
GTH8,10,50,3600
GTH8,10,100,3600
GTH8,10,150,3600
GTH8,10,200,3600
GTH8,10,250,3600
GTH8,10,300,3600
GTH8,10,350,3600
GTH8,10,400,3600
GTH8,10,450,3600
GTH8,10,500,3600
GTH8,10,550,3600
GTH8,10,600,3600
GTH8,10,650,3500
GTH8,10,700,3000
GTH8,10,750,3000
GTH8,10,800,2700
GTH8,10,850,2400
GTH8,10,900,2100
GTH8,10,950,1800
GTH8,10,1000,1600
GTH8,10,1050,1400
GTH8,10,1100,1300
GTH8,10,1150,1200
GTH8,10,1200,1100
GTH8,10,1250,1000
GTH8,20,50,3600
GTH8,20,100,3600
GTH8,20,150,3600
GTH8,20,200,3600
GTH8,20,250,3600
GTH8,20,300,3600
GTH8,20,350,3600
GTH8,20,400,3600
GTH8,20,450,3600
GTH8,20,500,3600
GTH8,20,550,3600
GTH8,20,600,3600
GTH8,20,650,3500
GTH8,20,700,3000
GTH8,20,750,3000
GTH8,20,800,2700
GTH8,20,850,2400
GTH8,20,900,2100
GTH8,20,950,1800
GTH8,20,1000,1600
GTH8,20,1050,1400
GTH8,20,1100,1300
GTH8,20,1150,1200
GTH8,20,1200,1100
GTH8,20,1250,1000
GTH12,5,50,3600
GTH12,5,100,3600
GTH12,5,150,3600
GTH12,5,200,3600
GTH12,5,250,3600
GTH12,5,300,3600
GTH12,5,350,3600
GTH12,5,400,3600
GTH12,5,450,3600
GTH12,5,500,3600
GTH12,5,550,3600
GTH12,5,600,3600
GTH12,5,650,3600
GTH12,5,700,3600
GTH12,5,750,3300
GTH12,5,800,3000
GTH12,5,850,2700
GTH12,5,900,2400
GTH12,5,950,2100
GTH12,5,1000,2000
GTH12,5,1050,1900
GTH12,5,1100,1700
GTH12,5,1150,1600
GTH12,5,1200,1500
GTH12,5,1250,1400
GTH12,10,50,3600
GTH12,10,100,3600
GTH12,10,150,3600
GTH12,10,200,3600
GTH12,10,250,3600
GTH12,10,300,3600
GTH12,10,350,3600
GTH12,10,400,3600
GTH12,10,450,3600
GTH12,10,500,3600
GTH12,10,550,3600
GTH12,10,600,3600
GTH12,10,650,3600
GTH12,10,700,3600
GTH12,10,750,3300
GTH12,10,800,3000
GTH12,10,850,2700
GTH12,10,900,2400
GTH12,10,950,2100
GTH12,10,1000,2000
GTH12,10,1050,1900
GTH12,10,1100,1700
GTH12,10,1150,1600
GTH12,10,1200,1500
GTH12,10,1250,1400
GTH12,20,50,3600
GTH12,20,100,3600
GTH12,20,150,3600
GTH12,20,200,3600
GTH12,20,250,3600
GTH12,20,300,3600
GTH12,20,350,3600
GTH12,20,400,3600
GTH12,20,450,3600
GTH12,20,500,3600
GTH12,20,550,3600
GTH12,20,600,3600
GTH12,20,650,3600
GTH12,20,700,3600
GTH12,20,750,3300
GTH12,20,800,3000
GTH12,20,850,2700
GTH12,20,900,2400
GTH12,20,950,2100
GTH12,20,1000,2000
GTH12,20,1050,1900
GTH12,20,1100,1700
GTH12,20,1150,1600
GTH12,20,1200,1500
GTH12,20,1250,1400
GTH12,32,50,3600
GTH12,32,100,3600
GTH12,32,150,3600
GTH12,32,200,3600
GTH12,32,250,3600
GTH12,32,300,3600
GTH12,32,350,3600
GTH12,32,400,3600
GTH12,32,450,3600
GTH12,32,500,3600
GTH12,32,550,3600
GTH12,32,600,3600
GTH12,32,650,3600
GTH12,32,700,3600
GTH12,32,750,3300
GTH12,32,800,3000
GTH12,32,850,2700
GTH12,32,900,2400
GTH12,32,950,2100
GTH12,32,1000,2000
GTH12,32,1050,1900
GTH12,32,1100,1700
GTH12,32,1150,1600
GTH12,32,1200,1500
GTH12,32,1250,1400
GTH5S,2,25,3000
GTH5S,2,50,3000
GTH5S,2,75,3000
GTH5S,2,100,3000
GTH5S,2,125,3000
GTH5S,2,150,3000
GTH5S,2,175,3000
GTH5S,2,200,3000
GTH5S,2,225,3000
GTH5S,2,250,3000
GTH5S,2,275,3000
GTH5S,2,300,3000
GTH5S,2,325,3000
GTH5S,2,350,3000
GTH5S,2,375,3000
GTH5S,2,400,3000
GTH5S,2,425,3000
GTH5S,2,450,3000
GTH8S,5,25,3600
GTH8S,5,50,3600
GTH8S,5,75,3600
GTH8S,5,100,3600
GTH8S,5,125,3600
GTH8S,5,150,3600
GTH8S,5,175,3600
GTH8S,5,200,3600
GTH8S,5,225,3600
GTH8S,5,250,3600
GTH8S,5,275,3600
GTH8S,5,300,3600
GTH8S,5,325,3600
GTH8S,5,350,3600
GTH8S,5,375,3600
GTH8S,5,400,3600
GTH8S,5,425,3600
GTH8S,5,450,3600
GTH8S,5,475,3600
GTH8S,5,500,3600
GTH8S,5,525,3600
GTY4,2,50,3000
GTY4,2,100,3000
GTY4,2,150,3000
GTY4,2,200,3000
GTY4,2,250,3000
GTY4,2,300,3000
GTY4,2,350,3000
GTY4,2,400,3000
GTY4,2,450,3000
GTY4,2,500,3000
GTY4,6,50,3600
GTY4,6,100,3600
GTY4,6,150,3600
GTY4,6,200,3600
GTY4,6,250,3600
GTY4,6,300,3600
GTY4,6,350,3600
GTY4,6,400,3600
GTY4,6,450,3600
GTY4,6,500,3300
GTY4,12,50,3600
GTY4,12,100,3600
GTY4,12,150,3600
GTY4,12,200,3600
GTY4,12,250,3600
GTY4,12,300,3600
GTY4,12,350,3600
GTY4,12,400,3600
GTY4,12,450,3600
GTY4,12,500,3300
GTY5,2,50,3000
GTY5,2,100,3000
GTY5,2,150,3000
GTY5,2,200,3000
GTY5,2,250,3000
GTY5,2,300,3000
GTY5,2,350,3000
GTY5,2,400,3000
GTY5,2,450,3000
GTY5,2,500,3000
GTY5,2,550,3000
GTY5,2,600,3000
GTY5,5,50,3600
GTY5,5,100,3600
GTY5,5,150,3600
GTY5,5,200,3600
GTY5,5,250,3600
GTY5,5,300,3600
GTY5,5,350,3600
GTY5,5,400,3600
GTY5,5,450,3600
GTY5,5,500,3600
GTY5,5,550,3500
GTY5,5,600,3000
GTY5,10,50,3600
GTY5,10,100,3600
GTY5,10,150,3600
GTY5,10,200,3600
GTY5,10,250,3600
GTY5,10,300,3600
GTY5,10,350,3600
GTY5,10,400,3600
GTY5,10,450,3600
GTY5,10,500,3600
GTY5,10,550,3500
GTY5,10,600,3000
GTY5,20,50,3600
GTY5,20,100,3600
GTY5,20,150,3600
GTY5,20,200,3600
GTY5,20,250,3600
GTY5,20,300,3600
GTY5,20,350,3600
GTY5,20,400,3600
GTY5,20,450,3600
GTY5,20,500,3600
GTY5,20,550,3500
GTY5,20,600,3000
GTY8,5,50,3600
GTY8,5,100,3600
GTY8,5,150,3600
GTY8,5,200,3600
GTY8,5,250,3600
GTY8,5,300,3600
GTY8,5,350,3600
GTY8,5,400,3600
GTY8,5,450,3600
GTY8,5,500,3600
GTY8,5,550,3600
GTY8,5,600,3600
GTY8,5,650,3500
GTY8,5,700,3000
GTY8,5,750,2700
GTY8,5,800,2700
GTY8,10,50,3600
GTY8,10,100,3600
GTY8,10,150,3600
GTY8,10,200,3600
GTY8,10,250,3600
GTY8,10,300,3600
GTY8,10,350,3600
GTY8,10,400,3600
GTY8,10,450,3600
GTY8,10,500,3600
GTY8,10,550,3600
GTY8,10,600,3600
GTY8,10,650,3500
GTY8,10,700,3000
GTY8,10,750,2700
GTY8,10,800,2700
GTY8,20,50,3600
GTY8,20,100,3600
GTY8,20,150,3600
GTY8,20,200,3600
GTY8,20,250,3600
GTY8,20,300,3600
GTY8,20,350,3600
GTY8,20,400,3600
GTY8,20,450,3600
GTY8,20,500,3600
GTY8,20,550,3600
GTY8,20,600,3600
GTY8,20,650,3500
GTY8,20,700,3000
GTY8,20,750,2700
GTY8,20,800,2700
GTY12,5,50,3600
GTY12,5,100,3600
GTY12,5,150,3600
GTY12,5,200,3600
GTY12,5,250,3600
GTY12,5,300,3600
GTY12,5,350,3600
GTY12,5,400,3600
GTY12,5,450,3600
GTY12,5,500,3600
GTY12,5,550,3600
GTY12,5,600,3600
GTY12,5,650,3000
GTY12,5,700,3000
GTY12,5,750,3000
GTY12,5,800,3000
GTY12,10,50,3600
GTY12,10,100,3600
GTY12,10,150,3600
GTY12,10,200,3600
GTY12,10,250,3600
GTY12,10,300,3600
GTY12,10,350,3600
GTY12,10,400,3600
GTY12,10,450,3600
GTY12,10,500,3600
GTY12,10,550,3600
GTY12,10,600,3600
GTY12,10,650,3000
GTY12,10,700,3000
GTY12,10,750,3000
GTY12,10,800,3000
GTY12,20,50,3600
GTY12,20,100,3600
GTY12,20,150,3600
GTY12,20,200,3600
GTY12,20,250,3600
GTY12,20,300,3600
GTY12,20,350,3600
GTY12,20,400,3600
GTY12,20,450,3600
GTY12,20,500,3600
GTY12,20,550,3600
GTY12,20,600,3600
GTY12,20,650,3000
GTY12,20,700,3000
GTY12,20,750,3000
GTY12,20,800,3000
GTY12,32,50,3600
GTY12,32,100,3600
GTY12,32,150,3600
GTY12,32,200,3600
GTY12,32,250,3600
GTY12,32,300,3600
GTY12,32,350,3600
GTY12,32,400,3600
GTY12,32,450,3600
GTY12,32,500,3600
GTY12,32,550,3600
GTY12,32,600,3600
GTY12,32,650,3000
GTY12,32,700,3000
GTY12,32,750,3000
GTY12,32,800,3000
ETH13,5,50,3600
ETH13,5,100,3600
ETH13,5,150,3600
ETH13,5,200,3600
ETH13,5,250,3600
ETH13,5,300,3600
ETH13,5,350,3600
ETH13,5,400,3600
ETH13,5,450,3600
ETH13,5,500,3600
ETH13,5,550,3600
ETH13,5,600,3600
ETH13,5,650,3600
ETH13,5,700,3200
ETH13,5,750,3000
ETH13,5,800,2700
ETH13,5,850,2400
ETH13,5,900,2100
ETH13,5,950,1800
ETH13,5,1000,1500
ETH13,5,1050,1200
ETH13,10,50,3600
ETH13,10,100,3600
ETH13,10,150,3600
ETH13,10,200,3600
ETH13,10,250,3600
ETH13,10,300,3600
ETH13,10,350,3600
ETH13,10,400,3600
ETH13,10,450,3600
ETH13,10,500,3600
ETH13,10,550,3600
ETH13,10,600,3600
ETH13,10,650,3600
ETH13,10,700,3200
ETH13,10,750,3000
ETH13,10,800,2700
ETH13,10,850,2400
ETH13,10,900,2100
ETH13,10,950,1800
ETH13,10,1000,1500
ETH13,10,1050,1200
ETH13,20,50,3600
ETH13,20,100,3600
ETH13,20,150,3600
ETH13,20,200,3600
ETH13,20,250,3600
ETH13,20,300,3600
ETH13,20,350,3600
ETH13,20,400,3600
ETH13,20,450,3600
ETH13,20,500,3600
ETH13,20,550,3600
ETH13,20,600,3600
ETH13,20,650,3600
ETH13,20,700,3200
ETH13,20,750,3000
ETH13,20,800,2700
ETH13,20,850,2400
ETH13,20,900,2100
ETH13,20,950,1800
ETH13,20,1000,1500
ETH13,20,1050,1200
ETH13,32,50,3600
ETH13,32,100,3600
ETH13,32,150,3600
ETH13,32,200,3600
ETH13,32,250,3600
ETH13,32,300,3600
ETH13,32,350,3600
ETH13,32,400,3600
ETH13,32,450,3600
ETH13,32,500,3600
ETH13,32,550,3600
ETH13,32,600,3600
ETH13,32,650,3600
ETH13,32,700,3200
ETH13,32,750,3000
ETH13,32,800,2700
ETH13,32,850,2400
ETH13,32,900,2100
ETH13,32,950,1800
ETH13,32,1000,1500
ETH13,32,1050,1200
ETH14,5,50,3600
ETH14,5,100,3600
ETH14,5,150,3600
ETH14,5,200,3600
ETH14,5,250,3600
ETH14,5,300,3600
ETH14,5,350,3600
ETH14,5,400,3600
ETH14,5,450,3600
ETH14,5,500,3600
ETH14,5,550,3600
ETH14,5,600,3600
ETH14,5,650,3300
ETH14,5,700,3000
ETH14,5,750,3000
ETH14,5,800,2700
ETH14,5,850,2400
ETH14,5,900,2100
ETH14,5,950,1800
ETH14,5,1000,1500
ETH14,5,1050,1200
ETH14,10,50,3600
ETH14,10,100,3600
ETH14,10,150,3600
ETH14,10,200,3600
ETH14,10,250,3600
ETH14,10,300,3600
ETH14,10,350,3600
ETH14,10,400,3600
ETH14,10,450,3600
ETH14,10,500,3600
ETH14,10,550,3600
ETH14,10,600,3600
ETH14,10,650,3300
ETH14,10,700,3000
ETH14,10,750,3000
ETH14,10,800,2700
ETH14,10,850,2400
ETH14,10,900,2100
ETH14,10,950,1800
ETH14,10,1000,1500
ETH14,10,1050,1200
ETH14,20,50,3600
ETH14,20,100,3600
ETH14,20,150,3600
ETH14,20,200,3600
ETH14,20,250,3600
ETH14,20,300,3600
ETH14,20,350,3600
ETH14,20,400,3600
ETH14,20,450,3600
ETH14,20,500,3600
ETH14,20,550,3600
ETH14,20,600,3600
ETH14,20,650,3300
ETH14,20,700,3000
ETH14,20,750,3000
ETH14,20,800,2700
ETH14,20,850,2400
ETH14,20,900,2100
ETH14,20,950,1800
ETH14,20,1000,1500
ETH14,20,1050,1200
ETH14,32,50,3600
ETH14,32,100,3600
ETH14,32,150,3600
ETH14,32,200,3600
ETH14,32,250,3600
ETH14,32,300,3600
ETH14,32,350,3600
ETH14,32,400,3600
ETH14,32,450,3600
ETH14,32,500,3600
ETH14,32,550,3600
ETH14,32,600,3600
ETH14,32,650,3300
ETH14,32,700,3000
ETH14,32,750,3000
ETH14,32,800,2700
ETH14,32,850,2400
ETH14,32,900,2100
ETH14,32,950,1800
ETH14,32,1000,1500
ETH14,32,1050,1200
ETH17,5,50,3600
ETH17,5,100,3600
ETH17,5,150,3600
ETH17,5,200,3600
ETH17,5,250,3600
ETH17,5,300,3600
ETH17,5,350,3600
ETH17,5,400,3600
ETH17,5,450,3600
ETH17,5,500,3600
ETH17,5,550,3600
ETH17,5,600,3600
ETH17,5,650,3600
ETH17,5,700,3600
ETH17,5,750,3600
ETH17,5,800,3200
ETH17,5,850,3000
ETH17,5,900,2700
ETH17,5,950,2700
ETH17,5,1000,2400
ETH17,5,1050,2400
ETH17,5,1100,2100
ETH17,5,1150,2100
ETH17,5,1200,1800
ETH17,5,1250,1800
ETH17,10,50,3600
ETH17,10,100,3600
ETH17,10,150,3600
ETH17,10,200,3600
ETH17,10,250,3600
ETH17,10,300,3600
ETH17,10,350,3600
ETH17,10,400,3600
ETH17,10,450,3600
ETH17,10,500,3600
ETH17,10,550,3600
ETH17,10,600,3600
ETH17,10,650,3600
ETH17,10,700,3600
ETH17,10,750,3600
ETH17,10,800,3200
ETH17,10,850,3000
ETH17,10,900,2700
ETH17,10,950,2700
ETH17,10,1000,2400
ETH17,10,1050,2400
ETH17,10,1100,2100
ETH17,10,1150,2100
ETH17,10,1200,1800
ETH17,10,1250,1800
ETH17,20,50,3600
ETH17,20,100,3600
ETH17,20,150,3600
ETH17,20,200,3600
ETH17,20,250,3600
ETH17,20,300,3600
ETH17,20,350,3600
ETH17,20,400,3600
ETH17,20,450,3600
ETH17,20,500,3600
ETH17,20,550,3600
ETH17,20,600,3600
ETH17,20,650,3600
ETH17,20,700,3600
ETH17,20,750,3600
ETH17,20,800,3200
ETH17,20,850,3000
ETH17,20,900,2700
ETH17,20,950,2700
ETH17,20,1000,2400
ETH17,20,1050,2400
ETH17,20,1100,2100
ETH17,20,1150,2100
ETH17,20,1200,1800
ETH17,20,1250,1800
ETH17,40,50,3600
ETH17,40,100,3600
ETH17,40,150,3600
ETH17,40,200,3600
ETH17,40,250,3600
ETH17,40,300,3600
ETH17,40,350,3600
ETH17,40,400,3600
ETH17,40,450,3600
ETH17,40,500,3600
ETH17,40,550,3600
ETH17,40,600,3600
ETH17,40,650,3600
ETH17,40,700,3600
ETH17,40,750,3600
ETH17,40,800,3200
ETH17,40,850,3000
ETH17,40,900,2700
ETH17,40,950,2700
ETH17,40,1000,2400
ETH17,40,1050,2400
ETH17,40,1100,2100
ETH17,40,1150,2100
ETH17,40,1200,1800
ETH17,40,1250,1800
ETH22,5,50,3600
ETH22,5,100,3600
ETH22,5,150,3600
ETH22,5,200,3600
ETH22,5,250,3600
ETH22,5,300,3600
ETH22,5,350,3600
ETH22,5,400,3600
ETH22,5,450,3600
ETH22,5,500,3600
ETH22,5,550,3600
ETH22,5,600,3600
ETH22,5,650,3600
ETH22,5,700,3600
ETH22,5,750,3600
ETH22,5,800,3300
ETH22,5,850,3000
ETH22,5,900,3000
ETH22,5,950,2700
ETH22,5,1000,2700
ETH22,5,1050,2400
ETH22,5,1100,2400
ETH22,5,1150,2100
ETH22,5,1200,2100
ETH22,5,1250,1800
ETH22,5,1300,1800
ETH22,5,1350,1500
ETH22,5,1400,1500
ETH22,5,1450,1200
ETH22,5,1500,1200
ETH22,10,50,3600
ETH22,10,100,3600
ETH22,10,150,3600
ETH22,10,200,3600
ETH22,10,250,3600
ETH22,10,300,3600
ETH22,10,350,3600
ETH22,10,400,3600
ETH22,10,450,3600
ETH22,10,500,3600
ETH22,10,550,3600
ETH22,10,600,3600
ETH22,10,650,3600
ETH22,10,700,3600
ETH22,10,750,3600
ETH22,10,800,3300
ETH22,10,850,3000
ETH22,10,900,3000
ETH22,10,950,2700
ETH22,10,1000,2700
ETH22,10,1050,2400
ETH22,10,1100,2400
ETH22,10,1150,2100
ETH22,10,1200,2100
ETH22,10,1250,1800
ETH22,10,1300,1800
ETH22,10,1350,1500
ETH22,10,1400,1500
ETH22,10,1450,1200
ETH22,10,1500,1200
ETH22,25,50,3600
ETH22,25,100,3600
ETH22,25,150,3600
ETH22,25,200,3600
ETH22,25,250,3600
ETH22,25,300,3600
ETH22,25,350,3600
ETH22,25,400,3600
ETH22,25,450,3600
ETH22,25,500,3600
ETH22,25,550,3600
ETH22,25,600,3600
ETH22,25,650,3600
ETH22,25,700,3600
ETH22,25,750,3600
ETH22,25,800,3300
ETH22,25,850,3000
ETH22,25,900,3000
ETH22,25,950,2700
ETH22,25,1000,2700
ETH22,25,1050,2400
ETH22,25,1100,2400
ETH22,25,1150,2100
ETH22,25,1200,2100
ETH22,25,1250,1800
ETH22,25,1300,1800
ETH22,25,1350,1500
ETH22,25,1400,1500
ETH22,25,1450,1200
ETH22,25,1500,1200
ETH22,40,50,3600
ETH22,40,100,3600
ETH22,40,150,3600
ETH22,40,200,3600
ETH22,40,250,3600
ETH22,40,300,3600
ETH22,40,350,3600
ETH22,40,400,3600
ETH22,40,450,3600
ETH22,40,500,3600
ETH22,40,550,3600
ETH22,40,600,3600
ETH22,40,650,3300
ETH22,40,700,3000
ETH22,40,750,3000
ETH22,40,800,3000
ETH22,40,850,3000
ETH22,40,900,2700
ETH22,40,950,2700
ETH22,40,1000,2400
ETH22,40,1050,2400
ETH22,40,1100,2100
ETH22,40,1150,2100
ETH22,40,1200,1800
ETH22,40,1250,1800
ETH22,40,1300,1500
ETH22,40,1350,1500
ETH22,40,1400,1200
ETH22,40,1450,1200
ETH22,40,1500,900
ETH17M,5,800,3600
ETH17M,5,850,3600
ETH17M,5,900,3600
ETH17M,5,950,3600
ETH17M,5,1000,3600
ETH17M,5,1050,3600
ETH17M,5,1100,3600
ETH17M,5,1150,3600
ETH17M,5,1200,3600
ETH17M,5,1250,3600
ETH17M,5,1300,3600
ETH17M,5,1350,3400
ETH17M,5,1400,3200
ETH17M,5,1450,3000
ETH17M,5,1500,2800
ETH17M,5,1550,2600
ETH17M,5,1600,2400
ETH17M,5,1650,2200
ETH17M,5,1700,2200
ETH17M,5,1750,2100
ETH17M,5,1800,2100
ETH17M,5,1850,1800
ETH17M,5,1900,1800
ETH17M,5,1950,1800
ETH17M,5,2000,1800
ETH17M,5,2050,1500
ETH17M,5,2100,1500
ETH17M,5,2150,1500
ETH17M,5,2200,1500
ETH17M,10,800,3600
ETH17M,10,850,3600
ETH17M,10,900,3600
ETH17M,10,950,3600
ETH17M,10,1000,3600
ETH17M,10,1050,3600
ETH17M,10,1100,3600
ETH17M,10,1150,3600
ETH17M,10,1200,3600
ETH17M,10,1250,3600
ETH17M,10,1300,3600
ETH17M,10,1350,3400
ETH17M,10,1400,3200
ETH17M,10,1450,3000
ETH17M,10,1500,2800
ETH17M,10,1550,2600
ETH17M,10,1600,2400
ETH17M,10,1650,2200
ETH17M,10,1700,2200
ETH17M,10,1750,2100
ETH17M,10,1800,2100
ETH17M,10,1850,1800
ETH17M,10,1900,1800
ETH17M,10,1950,1800
ETH17M,10,2000,1800
ETH17M,10,2050,1500
ETH17M,10,2100,1500
ETH17M,10,2150,1500
ETH17M,10,2200,1500
ETH17M,20,800,3600
ETH17M,20,850,3600
ETH17M,20,900,3600
ETH17M,20,950,3600
ETH17M,20,1000,3600
ETH17M,20,1050,3600
ETH17M,20,1100,3600
ETH17M,20,1150,3600
ETH17M,20,1200,3600
ETH17M,20,1250,3600
ETH17M,20,1300,3600
ETH17M,20,1350,3400
ETH17M,20,1400,3200
ETH17M,20,1450,3000
ETH17M,20,1500,2800
ETH17M,20,1550,2600
ETH17M,20,1600,2400
ETH17M,20,1650,2200
ETH17M,20,1700,2200
ETH17M,20,1750,2100
ETH17M,20,1800,2100
ETH17M,20,1850,1800
ETH17M,20,1900,1800
ETH17M,20,1950,1800
ETH17M,20,2000,1800
ETH17M,20,2050,1500
ETH17M,20,2100,1500
ETH17M,20,2150,1500
ETH17M,20,2200,1500
ETH17M,32,800,3600
ETH17M,32,850,3600
ETH17M,32,900,3600
ETH17M,32,950,3600
ETH17M,32,1000,3600
ETH17M,32,1050,3600
ETH17M,32,1100,3600
ETH17M,32,1150,3600
ETH17M,32,1200,3600
ETH17M,32,1250,3600
ETH17M,32,1300,3600
ETH17M,32,1350,3400
ETH17M,32,1400,3200
ETH17M,32,1450,3000
ETH17M,32,1500,2800
ETH17M,32,1550,2600
ETH17M,32,1600,2400
ETH17M,32,1650,2200
ETH17M,32,1700,2200
ETH17M,32,1750,2100
ETH17M,32,1800,2100
ETH17M,32,1850,1800
ETH17M,32,1900,1800
ETH17M,32,1950,1800
ETH17M,32,2000,1800
ETH17M,32,2050,1500
ETH17M,32,2100,1500
ETH17M,32,2150,1500
ETH17M,32,2200,1500
ETH22M,5,850,3600
ETH22M,5,900,3600
ETH22M,5,950,3600
ETH22M,5,1000,3600
ETH22M,5,1050,3600
ETH22M,5,1100,3600
ETH22M,5,1150,3600
ETH22M,5,1200,3600
ETH22M,5,1250,3600
ETH22M,5,1300,3600
ETH22M,5,1350,3600
ETH22M,5,1400,3600
ETH22M,5,1450,3600
ETH22M,5,1500,3600
ETH22M,5,1550,3400
ETH22M,5,1600,3200
ETH22M,5,1650,3000
ETH22M,5,1700,2800
ETH22M,5,1750,2700
ETH22M,5,1800,2600
ETH22M,5,1850,2500
ETH22M,5,1900,2400
ETH22M,5,1950,2400
ETH22M,5,2000,2400
ETH22M,5,2050,2400
ETH22M,5,2100,2100
ETH22M,5,2150,2100
ETH22M,5,2200,2100
ETH22M,5,2250,2100
ETH22M,5,2300,1800
ETH22M,5,2350,1800
ETH22M,5,2400,1800
ETH22M,10,850,3600
ETH22M,10,900,3600
ETH22M,10,950,3600
ETH22M,10,1000,3600
ETH22M,10,1050,3600
ETH22M,10,1100,3600
ETH22M,10,1150,3600
ETH22M,10,1200,3600
ETH22M,10,1250,3600
ETH22M,10,1300,3600
ETH22M,10,1350,3600
ETH22M,10,1400,3600
ETH22M,10,1450,3600
ETH22M,10,1500,3600
ETH22M,10,1550,3400
ETH22M,10,1600,3200
ETH22M,10,1650,3000
ETH22M,10,1700,2800
ETH22M,10,1750,2700
ETH22M,10,1800,2600
ETH22M,10,1850,2500
ETH22M,10,1900,2400
ETH22M,10,1950,2400
ETH22M,10,2000,2400
ETH22M,10,2050,2400
ETH22M,10,2100,2100
ETH22M,10,2150,2100
ETH22M,10,2200,2100
ETH22M,10,2250,2100
ETH22M,10,2300,1800
ETH22M,10,2350,1800
ETH22M,10,2400,1800
ETH22M,20,850,3600
ETH22M,20,900,3600
ETH22M,20,950,3600
ETH22M,20,1000,3600
ETH22M,20,1050,3600
ETH22M,20,1100,3600
ETH22M,20,1150,3600
ETH22M,20,1200,3600
ETH22M,20,1250,3600
ETH22M,20,1300,3600
ETH22M,20,1350,3600
ETH22M,20,1400,3600
ETH22M,20,1450,3600
ETH22M,20,1500,3600
ETH22M,20,1550,3400
ETH22M,20,1600,3200
ETH22M,20,1650,3000
ETH22M,20,1700,2800
ETH22M,20,1750,2700
ETH22M,20,1800,2600
ETH22M,20,1850,2500
ETH22M,20,1900,2400
ETH22M,20,1950,2400
ETH22M,20,2000,2400
ETH22M,20,2050,2400
ETH22M,20,2100,2100
ETH22M,20,2150,2100
ETH22M,20,2200,2100
ETH22M,20,2250,2100
ETH22M,20,2300,1800
ETH22M,20,2350,1800
ETH22M,20,2400,1800
ETH22M,40,850,3600
ETH22M,40,900,3600
ETH22M,40,950,3600
ETH22M,40,1000,3600
ETH22M,40,1050,3600
ETH22M,40,1100,3600
ETH22M,40,1150,3600
ETH22M,40,1200,3600
ETH22M,40,1250,3600
ETH22M,40,1300,3600
ETH22M,40,1350,3600
ETH22M,40,1400,3600
ETH22M,40,1450,3600
ETH22M,40,1500,3600
ETH22M,40,1550,3400
ETH22M,40,1600,3200
ETH22M,40,1650,3000
ETH22M,40,1700,2800
ETH22M,40,1750,2700
ETH22M,40,1800,2600
ETH22M,40,1850,2500
ETH22M,40,1900,2400
ETH22M,40,1950,2400
ETH22M,40,2000,2400
ETH22M,40,2050,2400
ETH22M,40,2100,2100
ETH22M,40,2150,2100
ETH22M,40,2200,2100
ETH22M,40,2250,2100
ETH22M,40,2300,1800
ETH22M,40,2350,1800
ETH22M,40,2400,1800
Y50,5,50,3000
Y50,5,100,3000
Y50,5,150,3000
Y50,5,200,3000
Y50,5,250,2400
Y50,5,300,1800
Y50,10,50,3000
Y50,10,100,3000
Y50,10,150,3000
Y50,10,200,3000
Y50,10,250,2400
Y50,10,300,1800
Y50D,5,50,3000
Y50D,5,100,3000
Y50D,5,150,3000
Y50D,5,200,3000
Y50D,5,250,2400
Y50D,5,300,1800
Y50D,10,50,3000
Y50D,10,100,3000
Y50D,10,150,3000
Y50D,10,200,3000
Y50D,10,250,2400
Y50D,10,300,1800
Y50L,5,50,3000
Y50L,5,100,3000
Y50L,5,150,3000
Y50L,5,200,3000
Y50L,5,250,2400
Y50L,5,300,1800
Y50L,10,50,3000
Y50L,10,100,3000
Y50L,10,150,3000
Y50L,10,200,3000
Y50L,10,250,2400
Y50L,10,300,1800
Y65,5,50,3000
Y65,5,100,3000
Y65,5,150,3000
Y65,5,200,3000
Y65,5,250,3000
Y65,5,300,3000
Y65,5,350,2400
Y65,5,400,2400
Y65,5,450,1800
Y65,5,500,1800
Y65,10,50,3000
Y65,10,100,3000
Y65,10,150,3000
Y65,10,200,3000
Y65,10,250,3000
Y65,10,300,3000
Y65,10,350,2400
Y65,10,400,2400
Y65,10,450,1800
Y65,10,500,1800
Y65,16,50,3000
Y65,16,100,3000
Y65,16,150,3000
Y65,16,200,3000
Y65,16,250,3000
Y65,16,300,3000
Y65,16,350,2400
Y65,16,400,2400
Y65,16,450,1800
Y65,16,500,1800
Y65,20,50,3000
Y65,20,100,3000
Y65,20,150,3000
Y65,20,200,3000
Y65,20,250,3000
Y65,20,300,3000
Y65,20,350,2400
Y65,20,400,2400
Y65,20,450,1800
Y65,20,500,1800
Y65D,5,50,3000
Y65D,5,100,3000
Y65D,5,150,3000
Y65D,5,200,3000
Y65D,5,250,3000
Y65D,5,300,3000
Y65D,5,350,2400
Y65D,5,400,2400
Y65D,5,450,1800
Y65D,5,500,1800
Y65D,10,50,3000
Y65D,10,100,3000
Y65D,10,150,3000
Y65D,10,200,3000
Y65D,10,250,3000
Y65D,10,300,3000
Y65D,10,350,2400
Y65D,10,400,2400
Y65D,10,450,1800
Y65D,10,500,1800
Y65D,16,50,3000
Y65D,16,100,3000
Y65D,16,150,3000
Y65D,16,200,3000
Y65D,16,250,3000
Y65D,16,300,3000
Y65D,16,350,2400
Y65D,16,400,2400
Y65D,16,450,1800
Y65D,16,500,1800
Y65D,20,50,3000
Y65D,20,100,3000
Y65D,20,150,3000
Y65D,20,200,3000
Y65D,20,250,3000
Y65D,20,300,3000
Y65D,20,350,2400
Y65D,20,400,2400
Y65D,20,450,1800
Y65D,20,500,1800
Y65L,5,50,3000
Y65L,5,100,3000
Y65L,5,150,3000
Y65L,5,200,3000
Y65L,5,250,3000
Y65L,5,300,3000
Y65L,5,350,2400
Y65L,5,400,2400
Y65L,5,450,1800
Y65L,5,500,1800
Y65L,10,50,3000
Y65L,10,100,3000
Y65L,10,150,3000
Y65L,10,200,3000
Y65L,10,250,3000
Y65L,10,300,3000
Y65L,10,350,2400
Y65L,10,400,2400
Y65L,10,450,1800
Y65L,10,500,1800
Y65L,16,50,3000
Y65L,16,100,3000
Y65L,16,150,3000
Y65L,16,200,3000
Y65L,16,250,3000
Y65L,16,300,3000
Y65L,16,350,2400
Y65L,16,400,2400
Y65L,16,450,1800
Y65L,16,500,1800
Y65L,20,50,3000
Y65L,20,100,3000
Y65L,20,150,3000
Y65L,20,200,3000
Y65L,20,250,3000
Y65L,20,300,3000
Y65L,20,350,2400
Y65L,20,400,2400
Y65L,20,450,1800
Y65L,20,500,1800
ETB5,32,50,500
ETB5,32,100,500
ETB5,32,150,500
ETB5,32,200,500
ETB5,32,250,500
ETB5,32,300,500
ETB5,32,350,500
ETB5,32,400,500
ETB5,32,450,500
ETB5,32,500,500
ETB5,32,550,500
ETB5,32,600,500
ETB5,32,650,500
ETB5,32,700,500
ETB5,32,750,500
ETB5,32,800,500
ETB5,40,50,3600
ETB5,40,100,3600
ETB5,40,150,3600
ETB5,40,200,3600
ETB5,40,250,3600
ETB5,40,300,3600
ETB5,40,350,3600
ETB5,40,400,3600
ETB5,40,450,3600
ETB5,40,500,3600
ETB5,40,550,3600
ETB5,40,600,3600
ETB5,40,650,3600
ETB5,40,700,3600
ETB5,40,750,3600
ETB5,40,800,3600
ETB6,40,50,3600
ETB6,40,100,3600
ETB6,40,150,3600
ETB6,40,200,3600
ETB6,40,250,3600
ETB6,40,300,3600
ETB6,40,350,3600
ETB6,40,400,3600
ETB6,40,450,3600
ETB6,40,500,3600
ETB6,40,550,3600
ETB6,40,600,3600
ETB6,40,650,3600
ETB6,40,700,3600
ETB6,40,750,3600
ETB6,40,800,3600
ETB10,32,50,3600
ETB10,32,100,3600
ETB10,32,150,3600
ETB10,32,200,3600
ETB10,32,250,3600
ETB10,32,300,3600
ETB10,32,350,3600
ETB10,32,400,3600
ETB10,32,450,3600
ETB10,32,500,3600
ETB10,32,550,3600
ETB10,32,600,3600
ETB10,32,650,3600
ETB10,32,700,3600
ETB10,32,750,3600
ETB10,32,800,3600
ETB10,32,850,3600
ETB10,32,900,3600
ETB10,32,950,3600
ETB10,32,1000,3600
ETB10,32,1050,3600
ETB10,32,1100,3600
ETB10,32,1150,3600
ETB10,32,1200,3600
ETB10,32,1250,3600
ETB10,32,1300,3600
ETB10,32,1350,3600
ETB10,32,1400,3600
ETB10,32,1450,3600
ETB10,32,1500,3600
ETB10,32,1550,3600
ETB10,32,1600,3600
ETB10,32,1650,3600
ETB10,32,1700,3600
ETB10,32,1750,3600
ETB10,32,1800,3600
ETB10,32,1850,3600
ETB10,32,1900,3600
ETB10,32,1950,3600
ETB10,32,2000,3600
ETB10,32,2050,3600
ETB10,32,2100,3600
ETB10,32,2150,3600
ETB10,32,2200,3600
ETB10,32,2250,3600
ETB10,32,2300,3600
ETB10,32,2350,3600
ETB10,32,2400,3600
ETB10,32,2450,3600
ETB10,32,2500,3600
ETB10,32,2550,3600
ETB14M,40,50,3600
ETB14M,40,100,3600
ETB14M,40,150,3600
ETB14M,40,200,3600
ETB14M,40,250,3600
ETB14M,40,300,3600
ETB14M,40,350,3600
ETB14M,40,400,3600
ETB14M,40,450,3600
ETB14M,40,500,3600
ETB14M,40,550,3600
ETB14M,40,600,3600
ETB14M,40,650,3600
ETB14M,40,700,3600
ETB14M,40,750,3600
ETB14M,40,800,3600
ETB14M,40,850,3600
ETB14M,40,900,3600
ETB14M,40,950,3600
ETB14M,40,1000,3600
ETB14M,40,1050,3600
ETB14M,40,1100,3600
ETB14M,40,1150,3600
ETB14M,40,1200,3600
ETB14M,40,1250,3600
ETB14M,40,1300,3600
ETB14M,40,1350,3600
ETB14M,40,1400,3600
ETB14M,40,1450,3600
ETB14M,40,1500,3600
ETB14M,40,1550,3600
ETB14M,40,1600,3600
ETB14M,40,1650,3600
ETB14M,40,1700,3600
ETB14M,40,1750,3600
ETB14M,40,1800,3600
ETB14M,40,1850,3600
ETB14M,40,1900,3600
ETB14M,40,1950,3600
ETB14M,40,2000,3600
ETB14M,40,2050,3600
ETB14M,40,2100,3600
ETB14M,40,2150,3600
ETB14M,40,2200,3600
ETB14M,40,2250,3600
ETB14M,40,2300,3600
ETB14M,40,2350,3600
ETB14M,40,2400,3600
ETB14M,40,2450,3600
ETB14M,40,2500,3600
ETB14M,40,2550,3600
ETB14M,40,2600,3600
ETB14M,40,2650,3600
ETB14M,40,2700,3600
ETB14M,40,2750,3600
ETB14M,40,2800,3600
ETB14M,40,2850,3600
ETB14M,40,2900,3600
ETB14M,40,2950,3600
ETB14M,40,3600,3600
ETB14M,40,3050,3600
ETB17M,40,50,3600
ETB17M,40,100,3600
ETB17M,40,150,3600
ETB17M,40,200,3600
ETB17M,40,250,3600
ETB17M,40,300,3600
ETB17M,40,350,3600
ETB17M,40,400,3600
ETB17M,40,450,3600
ETB17M,40,500,3600
ETB17M,40,550,3600
ETB17M,40,600,3600
ETB17M,40,650,3600
ETB17M,40,700,3600
ETB17M,40,750,3600
ETB17M,40,800,3600
ETB17M,40,850,3600
ETB17M,40,900,3600
ETB17M,40,950,3600
ETB17M,40,1000,3600
ETB17M,40,1050,3600
ETB17M,40,1100,3600
ETB17M,40,1150,3600
ETB17M,40,1200,3600
ETB17M,40,1250,3600
ETB17M,40,1300,3600
ETB17M,40,1350,3600
ETB17M,40,1400,3600
ETB17M,40,1450,3600
ETB17M,40,1500,3600
ETB17M,40,1550,3600
ETB17M,40,1600,3600
ETB17M,40,1650,3600
ETB17M,40,1700,3600
ETB17M,40,1750,3600
ETB17M,40,1800,3600
ETB17M,40,1850,3600
ETB17M,40,1900,3600
ETB17M,40,1950,3600
ETB17M,40,2000,3600
ETB17M,40,2050,3600
ETB17M,40,2100,3600
ETB17M,40,2150,3600
ETB17M,40,2200,3600
ETB17M,40,2250,3600
ETB17M,40,2300,3600
ETB17M,40,2350,3600
ETB17M,40,2400,3600
ETB17M,40,2450,3600
ETB17M,40,2500,3600
ETB17M,40,2550,3600
ETB17M,40,2600,3600
ETB17M,40,2650,3600
ETB17M,40,2700,3600
ETB17M,40,2750,3600
ETB17M,40,2800,3600
ETB17M,40,2850,3600
ETB17M,40,2900,3600
ETB17M,40,2950,3600
ETB17M,40,3600,3600
ETB17M,40,3050,3600
ETB22M,40,50,3600
ETB22M,40,100,3600
ETB22M,40,150,3600
ETB22M,40,200,3600
ETB22M,40,250,3600
ETB22M,40,300,3600
ETB22M,40,350,3600
ETB22M,40,400,3600
ETB22M,40,450,3600
ETB22M,40,500,3600
ETB22M,40,550,3600
ETB22M,40,600,3600
ETB22M,40,650,3600
ETB22M,40,700,3600
ETB22M,40,750,3600
ETB22M,40,800,3600
ETB22M,40,850,3600
ETB22M,40,900,3600
ETB22M,40,950,3600
ETB22M,40,1000,3600
ETB22M,40,1050,3600
ETB22M,40,1100,3600
ETB22M,40,1150,3600
ETB22M,40,1200,3600
ETB22M,40,1250,3600
ETB22M,40,1300,3600
ETB22M,40,1350,3600
ETB22M,40,1400,3600
ETB22M,40,1450,3600
ETB22M,40,1500,3600
ETB22M,40,1550,3600
ETB22M,40,1600,3600
ETB22M,40,1650,3600
ETB22M,40,1700,3600
ETB22M,40,1750,3600
ETB22M,40,1800,3600
ETB22M,40,1850,3600
ETB22M,40,1900,3600
ETB22M,40,1950,3600
ETB22M,40,2000,3600
ETB22M,40,2050,3600
ETB22M,40,2100,3600
ETB22M,40,2150,3600
ETB22M,40,2200,3600
ETB22M,40,2250,3600
ETB22M,40,2300,3600
ETB22M,40,2350,3600
ETB22M,40,2400,3600
ETB22M,40,2450,3600
ETB22M,40,2500,3600
ETB22M,40,2550,3600
ETB22M,40,2600,3600
ETB22M,40,2650,3600
ETB22M,40,2700,3600
ETB22M,40,2750,3600
ETB22M,40,2800,3600
ETB22M,40,2850,3600
ETB22M,40,2900,3600
ETB22M,40,2950,3600
ETB22M,40,3600,3600
ETB22M,40,3050,3600
ETB22M,40,3100,3600
ETB22M,40,3150,3600
ETB22M,40,3200,3600
ETB22M,40,3250,3600
ETB22M,40,3300,3600
ETB22M,40,3350,3600
ETB22M,40,3400,3600
ETB22M,40,3450,3600
ETB22M,40,3500,3600
MH65,78,100,3000
MH65,78,150,3000
MH65,78,200,3000
MH65,78,250,3000
MH65,78,300,3000
MH65,78,350,3000
MH65,78,400,3000
MH65,78,450,3000
MH65,78,500,3000
MH65,78,550,3000
MH65,78,600,3000
MH65,78,650,3000
MH65,78,700,3000
MH65,78,750,3000
MH65,78,800,3000
MH65,78,850,3000
MH65,78,900,3000
MH65,78,950,3000
MH65,78,1000,3000
MH65,78,1050,3000
MH65,78,1100,3000
MH65,78,1150,3000
MH65,78,1200,3000
MH65,78,1250,3000
MH65,78,1300,3000
MH65,78,1350,3000
MH65,78,1400,3000
MH65,78,1450,3000
MH65,78,1500,3000
MH65,78,1550,3000
MH65,78,1600,3000
MH65,78,1650,3000
MH65,78,1700,3000
MH65,78,1750,3000
MH65,78,1800,3000
MH65,78,1850,3000
MH65,78,1900,3000
MH65,78,1950,3000
MH65,78,2000,3000
MH65,78,2050,3000
MH65,78,2100,3000
MH65,78,2150,3000
MH65,78,2200,3000
MH65,78,2250,3000
MH65,78,2300,3000
MH65,78,2350,3000
MH65,78,2400,3000
MH65,78,2450,3000
MH65,78,2500,3000
MH65,78,2550,3000
MH65,78,2600,3000
MH65,78,2650,3000
MH65,78,2700,3000
MH65,78,2750,3000
MH65,78,2800,3000
MH65,78,2850,3000
MH65,78,2900,3000
MH65,78,2950,3000
MH65,78,3600,3000
MH80,102,100,3000
MH80,102,150,3000
MH80,102,200,3000
MH80,102,250,3000
MH80,102,300,3000
MH80,102,350,3000
MH80,102,400,3000
MH80,102,450,3000
MH80,102,500,3000
MH80,102,550,3000
MH80,102,600,3000
MH80,102,650,3000
MH80,102,700,3000
MH80,102,750,3000
MH80,102,800,3000
MH80,102,850,3000
MH80,102,900,3000
MH80,102,950,3000
MH80,102,1000,3000
MH80,102,1050,3000
MH80,102,1100,3000
MH80,102,1150,3000
MH80,102,1200,3000
MH80,102,1250,3000
MH80,102,1300,3000
MH80,102,1350,3000
MH80,102,1400,3000
MH80,102,1450,3000
MH80,102,1500,3000
MH80,102,1550,3000
MH80,102,1600,3000
MH80,102,1650,3000
MH80,102,1700,3000
MH80,102,1750,3000
MH80,102,1800,3000
MH80,102,1850,3000
MH80,102,1900,3000
MH80,102,1950,3000
MH80,102,2000,3000
MH80,102,2050,3000
MH80,102,2100,3000
MH80,102,2150,3000
MH80,102,2200,3000
MH80,102,2250,3000
MH80,102,2300,3000
MH80,102,2350,3000
MH80,102,2400,3000
MH80,102,2450,3000
MH80,102,2500,3000
MH80,102,2550,3000
MH80,102,2600,3000
MH80,102,2650,3000
MH80,102,2700,3000
MH80,102,2750,3000
MH80,102,2800,3000
MH80,102,2850,3000
MH80,102,2900,3000
MH80,102,2950,3000
MH80,102,3600,3000
MK65,110,100,3600
MK65,110,150,3600
MK65,110,200,3600
MK65,110,250,3600
MK65,110,300,3600
MK65,110,350,3600
MK65,110,400,3600
MK65,110,450,3600
MK65,110,500,3600
MK65,110,550,3600
MK65,110,600,3600
MK65,110,650,3600
MK65,110,700,3600
MK65,110,750,3600
MK65,110,800,3600
MK65,110,850,3600
MK65,110,900,3600
MK65,110,950,3600
MK65,110,1000,3600
MK65,110,1050,3600
MK65,110,1100,3600
MK65,110,1150,3600
MK65,110,1200,3600
MK65,110,1250,3600
MK65,110,1300,3600
MK65,110,1350,3600
MK65,110,1400,3600
MK65,110,1450,3600
MK65,110,1500,3600
MK65,110,1550,3600
MK65,110,1600,3600
MK65,110,1650,3600
MK65,110,1700,3600
MK65,110,1750,3600
MK65,110,1800,3600
MK65,110,1850,3600
MK65,110,1900,3600
MK65,110,1950,3600
MK65,110,2000,3600
MK65,110,2050,3600
MK65,110,2100,3600
MK65,110,2150,3600
MK65,110,2200,3600
MK65,110,2250,3600
MK65,110,2300,3600
MK65,110,2350,3600
MK65,110,2400,3600
MK65,110,2450,3600
MK65,110,2500,3600
MK65,110,2550,3600
MK65,110,2600,3600
MK65,110,2650,3600
MK65,110,2700,3600
MK65,110,2750,3600
MK65,110,2800,3600
MK65,110,2850,3600
MK65,110,2900,3600
MK65,110,2950,3600
MK65,110,3600,3600
MK65,110,3050,3600
MK65,110,3100,3600
MK65,110,3150,3600
MK65,110,3200,3600
MK65,110,3250,3600
MK65,110,3300,3600
MK65,110,3350,3600
MK65,110,3400,3600
MK65,110,3450,3600
MK65,110,3500,3600
MK65,110,3550,3600
MK65,110,3600,3600
MK65,110,3650,3600
MK65,110,3700,3600
MK65,110,3750,3600
MK65,110,3800,3600
MK65,110,3850,3600
MK65,110,3900,3600
MK65,110,3950,3600
MK65,110,4000,3600
MK65,110,4050,3600
MK65,110,4100,3600
MK65,110,4150,3600
MK65,110,4200,3600
MK65,110,4250,3600
MK65,110,4300,3600
MK65,110,4350,3600
MK65,110,4400,3600
MK65,110,4450,3600
MK65,110,4500,3600
MK65,110,4550,3600
MK65,110,4600,3600
MK65,110,4650,3600
MK65,110,4700,3600
MK65,110,4750,3600
MK65,110,4800,3600
MK65,110,4850,3600
MK65,110,4900,3600
MK65,110,4950,3600
MK65,110,5000,3600
MK85,200,100,3600
MK85,200,150,3600
MK85,200,200,3600
MK85,200,250,3600
MK85,200,300,3600
MK85,200,350,3600
MK85,200,400,3600
MK85,200,450,3600
MK85,200,500,3600
MK85,200,550,3600
MK85,200,600,3600
MK85,200,650,3600
MK85,200,700,3600
MK85,200,750,3600
MK85,200,800,3600
MK85,200,850,3600
MK85,200,900,3600
MK85,200,950,3600
MK85,200,1000,3600
MK85,200,1050,3600
MK85,200,1100,3600
MK85,200,1150,3600
MK85,200,1200,3600
MK85,200,1250,3600
MK85,200,1300,3600
MK85,200,1350,3600
MK85,200,1400,3600
MK85,200,1450,3600
MK85,200,1500,3600
MK85,200,1550,3600
MK85,200,1600,3600
MK85,200,1650,3600
MK85,200,1700,3600
MK85,200,1750,3600
MK85,200,1800,3600
MK85,200,1850,3600
MK85,200,1900,3600
MK85,200,1950,3600
MK85,200,2000,3600
MK85,200,2050,3600
MK85,200,2100,3600
MK85,200,2150,3600
MK85,200,2200,3600
MK85,200,2250,3600
MK85,200,2300,3600
MK85,200,2350,3600
MK85,200,2400,3600
MK85,200,2450,3600
MK85,200,2500,3600
MK85,200,2550,3600
MK85,200,2600,3600
MK85,200,2650,3600
MK85,200,2700,3600
MK85,200,2750,3600
MK85,200,2800,3600
MK85,200,2850,3600
MK85,200,2900,3600
MK85,200,2950,3600
MK85,200,3600,3600
MK85,200,3050,3600
MK85,200,3100,3600
MK85,200,3150,3600
MK85,200,3200,3600
MK85,200,3250,3600
MK85,200,3300,3600
MK85,200,3350,3600
MK85,200,3400,3600
MK85,200,3450,3600
MK85,200,3500,3600
MK85,200,3550,3600
MK85,200,3600,3600
MK85,200,3650,3600
MK85,200,3700,3600
MK85,200,3750,3600
MK85,200,3800,3600
MK85,200,3850,3600
MK85,200,3900,3600
MK85,200,3950,3600
MK85,200,4000,3600
MK85,200,4050,3600
MK85,200,4100,3600
MK85,200,4150,3600
MK85,200,4200,3600
MK85,200,4250,3600
MK85,200,4300,3600
MK85,200,4350,3600
MK85,200,4400,3600
MK85,200,4450,3600
MK85,200,4500,3600
MK85,200,4550,3600
MK85,200,4600,3600
MK85,200,4650,3600
MK85,200,4700,3600
MK85,200,4750,3600
MK85,200,4800,3600
MK85,200,4850,3600
MK85,200,4900,3600
MK85,200,4950,3600
MK85,200,5000,3600
MK110,250,100,3600
MK110,250,150,3600
MK110,250,200,3600
MK110,250,250,3600
MK110,250,300,3600
MK110,250,350,3600
MK110,250,400,3600
MK110,250,450,3600
MK110,250,500,3600
MK110,250,550,3600
MK110,250,600,3600
MK110,250,650,3600
MK110,250,700,3600
MK110,250,750,3600
MK110,250,800,3600
MK110,250,850,3600
MK110,250,900,3600
MK110,250,950,3600
MK110,250,1000,3600
MK110,250,1050,3600
MK110,250,1100,3600
MK110,250,1150,3600
MK110,250,1200,3600
MK110,250,1250,3600
MK110,250,1300,3600
MK110,250,1350,3600
MK110,250,1400,3600
MK110,250,1450,3600
MK110,250,1500,3600
MK110,250,1550,3600
MK110,250,1600,3600
MK110,250,1650,3600
MK110,250,1700,3600
MK110,250,1750,3600
MK110,250,1800,3600
MK110,250,1850,3600
MK110,250,1900,3600
MK110,250,1950,3600
MK110,250,2000,3600
MK110,250,2050,3600
MK110,250,2100,3600
MK110,250,2150,3600
MK110,250,2200,3600
MK110,250,2250,3600
MK110,250,2300,3600
MK110,250,2350,3600
MK110,250,2400,3600
MK110,250,2450,3600
MK110,250,2500,3600
MK110,250,2550,3600
MK110,250,2600,3600
MK110,250,2650,3600
MK110,250,2700,3600
MK110,250,2750,3600
MK110,250,2800,3600
MK110,250,2850,3600
MK110,250,2900,3600
MK110,250,2950,3600
MK110,250,3600,3600
MK110,250,3050,3600
MK110,250,3100,3600
MK110,250,3150,3600
MK110,250,3200,3600
MK110,250,3250,3600
MK110,250,3300,3600
MK110,250,3350,3600
MK110,250,3400,3600
MK110,250,3450,3600
MK110,250,3500,3600
MK110,250,3550,3600
MK110,250,3600,3600
MK110,250,3650,3600
MK110,250,3700,3600
MK110,250,3750,3600
MK110,250,3800,3600
MK110,250,3850,3600
MK110,250,3900,3600
MK110,250,3950,3600
MK110,250,4000,3600
MK110,250,4050,3600
MK110,250,4100,3600
MK110,250,4150,3600
MK110,250,4200,3600
MK110,250,4250,3600
MK110,250,4300,3600
MK110,250,4350,3600
MK110,250,4400,3600
MK110,250,4450,3600
MK110,250,4500,3600
MK110,250,4550,3600
MK110,250,4600,3600
MK110,250,4650,3600
MK110,250,4700,3600
MK110,250,4750,3600
MK110,250,4800,3600
GCH4,2,50,3000
GCH4,2,100,3000
GCH4,2,150,3000
GCH4,2,200,3000
GCH4,2,250,3000
GCH4,2,300,3000
GCH4,2,350,3000
GCH4,2,400,3000
GCH4,2,450,3000
GCH4,2,500,3000
GCH4,2,550,3000
GCH4,2,600,2700
GCH4,2,650,2400
GCH4,2,700,2100
GCH4,2,750,1800
GCH4,2,800,1500
GCH4,2,850,1300
GCH4,2,900,1200
GCH4,2,950,1100
GCH4,2,1000,1000
GCH4,6,50,3600
GCH4,6,100,3600
GCH4,6,150,3600
GCH4,6,200,3600
GCH4,6,250,3600
GCH4,6,300,3600
GCH4,6,350,3600
GCH4,6,400,3600
GCH4,6,450,3600
GCH4,6,500,3300
GCH4,6,550,3200
GCH4,6,600,2700
GCH4,6,650,2400
GCH4,6,700,2100
GCH4,6,750,1800
GCH4,6,800,1500
GCH4,6,850,1300
GCH4,6,900,1200
GCH4,6,950,1100
GCH4,6,1000,1000
GCH4,12,50,3600
GCH4,12,100,3600
GCH4,12,150,3600
GCH4,12,200,3600
GCH4,12,250,3600
GCH4,12,300,3600
GCH4,12,350,3600
GCH4,12,400,3600
GCH4,12,450,3600
GCH4,12,500,3300
GCH4,12,550,3200
GCH4,12,600,2700
GCH4,12,650,2400
GCH4,12,700,2100
GCH4,12,750,1800
GCH4,12,800,1500
GCH4,12,850,1300
GCH4,12,900,1200
GCH4,12,950,1100
GCH4,12,1000,1000
GCH5,2,50,3000
GCH5,2,100,3000
GCH5,2,150,3000
GCH5,2,200,3000
GCH5,2,250,3000
GCH5,2,300,3000
GCH5,2,350,3000
GCH5,2,400,3000
GCH5,2,450,3000
GCH5,2,500,3000
GCH5,2,550,3000
GCH5,2,600,3000
GCH5,2,650,2700
GCH5,2,700,2400
GCH5,2,750,2100
GCH5,2,800,1800
GCH5,2,850,1500
GCH5,2,900,1400
GCH5,2,950,1200
GCH5,2,1000,1100
GCH5,2,1050,1000
GCH5,5,50,3600
GCH5,5,100,3600
GCH5,5,150,3600
GCH5,5,200,3600
GCH5,5,250,3600
GCH5,5,300,3600
GCH5,5,350,3600
GCH5,5,400,3600
GCH5,5,450,3600
GCH5,5,500,3600
GCH5,5,550,3500
GCH5,5,600,3000
GCH5,5,650,2700
GCH5,5,700,2400
GCH5,5,750,2100
GCH5,5,800,1800
GCH5,5,850,1500
GCH5,5,900,1400
GCH5,5,950,1200
GCH5,5,1000,1100
GCH5,5,1050,1000
GCH5,10,50,3600
GCH5,10,100,3600
GCH5,10,150,3600
GCH5,10,200,3600
GCH5,10,250,3600
GCH5,10,300,3600
GCH5,10,350,3600
GCH5,10,400,3600
GCH5,10,450,3600
GCH5,10,500,3600
GCH5,10,550,3500
GCH5,10,600,3000
GCH5,10,650,2700
GCH5,10,700,2400
GCH5,10,750,2100
GCH5,10,800,1800
GCH5,10,850,1500
GCH5,10,900,1400
GCH5,10,950,1200
GCH5,10,1000,1100
GCH5,10,1050,1000
GCH5,20,50,3600
GCH5,20,100,3600
GCH5,20,150,3600
GCH5,20,200,3600
GCH5,20,250,3600
GCH5,20,300,3600
GCH5,20,350,3600
GCH5,20,400,3600
GCH5,20,450,3600
GCH5,20,500,3600
GCH5,20,550,3500
GCH5,20,600,3000
GCH5,20,650,2700
GCH5,20,700,2400
GCH5,20,750,2100
GCH5,20,800,1800
GCH5,20,850,1500
GCH5,20,900,1400
GCH5,20,950,1200
GCH5,20,1000,1100
GCH5,20,1050,1000
GCH8,5,50,3600
GCH8,5,100,3600
GCH8,5,150,3600
GCH8,5,200,3600
GCH8,5,250,3600
GCH8,5,300,3600
GCH8,5,350,3600
GCH8,5,400,3600
GCH8,5,450,3600
GCH8,5,500,3600
GCH8,5,550,3600
GCH8,5,600,3600
GCH8,5,650,3500
GCH8,5,700,3000
GCH8,5,750,3000
GCH8,5,800,2700
GCH8,5,850,2400
GCH8,5,900,2100
GCH8,5,950,1800
GCH8,5,1000,1600
GCH8,5,1050,1400
GCH8,5,1100,1300
GCH8,5,1150,1200
GCH8,5,1200,1100
GCH8,5,1250,1000
GCH8,10,50,3600
GCH8,10,100,3600
GCH8,10,150,3600
GCH8,10,200,3600
GCH8,10,250,3600
GCH8,10,300,3600
GCH8,10,350,3600
GCH8,10,400,3600
GCH8,10,450,3600
GCH8,10,500,3600
GCH8,10,550,3600
GCH8,10,600,3600
GCH8,10,650,3500
GCH8,10,700,3000
GCH8,10,750,3000
GCH8,10,800,2700
GCH8,10,850,2400
GCH8,10,900,2100
GCH8,10,950,1800
GCH8,10,1000,1600
GCH8,10,1050,1400
GCH8,10,1100,1300
GCH8,10,1150,1200
GCH8,10,1200,1100
GCH8,10,1250,1000
GCH8,20,50,3600
GCH8,20,100,3600
GCH8,20,150,3600
GCH8,20,200,3600
GCH8,20,250,3600
GCH8,20,300,3600
GCH8,20,350,3600
GCH8,20,400,3600
GCH8,20,450,3600
GCH8,20,500,3600
GCH8,20,550,3600
GCH8,20,600,3600
GCH8,20,650,3500
GCH8,20,700,3000
GCH8,20,750,3000
GCH8,20,800,2700
GCH8,20,850,2400
GCH8,20,900,2100
GCH8,20,950,1800
GCH8,20,1000,1600
GCH8,20,1050,1400
GCH8,20,1100,1300
GCH8,20,1150,1200
GCH8,20,1200,1100
GCH8,20,1250,1000
GCH12,5,50,3600
GCH12,5,100,3600
GCH12,5,150,3600
GCH12,5,200,3600
GCH12,5,250,3600
GCH12,5,300,3600
GCH12,5,350,3600
GCH12,5,400,3600
GCH12,5,450,3600
GCH12,5,500,3600
GCH12,5,550,3600
GCH12,5,600,3600
GCH12,5,650,3600
GCH12,5,700,3600
GCH12,5,750,3300
GCH12,5,800,3000
GCH12,5,850,2700
GCH12,5,900,2400
GCH12,5,950,2100
GCH12,5,1000,2000
GCH12,5,1050,1900
GCH12,5,1100,1700
GCH12,5,1150,1600
GCH12,5,1200,1500
GCH12,5,1250,1400
GCH12,10,50,3600
GCH12,10,100,3600
GCH12,10,150,3600
GCH12,10,200,3600
GCH12,10,250,3600
GCH12,10,300,3600
GCH12,10,350,3600
GCH12,10,400,3600
GCH12,10,450,3600
GCH12,10,500,3600
GCH12,10,550,3600
GCH12,10,600,3600
GCH12,10,650,3600
GCH12,10,700,3600
GCH12,10,750,3300
GCH12,10,800,3000
GCH12,10,850,2700
GCH12,10,900,2400
GCH12,10,950,2100
GCH12,10,1000,2000
GCH12,10,1050,1900
GCH12,10,1100,1700
GCH12,10,1150,1600
GCH12,10,1200,1500
GCH12,10,1250,1400
GCH12,20,50,3600
GCH12,20,100,3600
GCH12,20,150,3600
GCH12,20,200,3600
GCH12,20,250,3600
GCH12,20,300,3600
GCH12,20,350,3600
GCH12,20,400,3600
GCH12,20,450,3600
GCH12,20,500,3600
GCH12,20,550,3600
GCH12,20,600,3600
GCH12,20,650,3600
GCH12,20,700,3600
GCH12,20,750,3300
GCH12,20,800,3000
GCH12,20,850,2700
GCH12,20,900,2400
GCH12,20,950,2100
GCH12,20,1000,2000
GCH12,20,1050,1900
GCH12,20,1100,1700
GCH12,20,1150,1600
GCH12,20,1200,1500
GCH12,20,1250,1400
GCH12,32,50,3600
GCH12,32,100,3600
GCH12,32,150,3600
GCH12,32,200,3600
GCH12,32,250,3600
GCH12,32,300,3600
GCH12,32,350,3600
GCH12,32,400,3600
GCH12,32,450,3600
GCH12,32,500,3600
GCH12,32,550,3600
GCH12,32,600,3600
GCH12,32,650,3600
GCH12,32,700,3600
GCH12,32,750,3300
GCH12,32,800,3000
GCH12,32,850,2700
GCH12,32,900,2400
GCH12,32,950,2100
GCH12,32,1000,2000
GCH12,32,1050,1900
GCH12,32,1100,1700
GCH12,32,1150,1600
GCH12,32,1200,1500
GCH12,32,1250,1400
GCH5S,2,25,3000
GCH5S,2,50,3000
GCH5S,2,75,3000
GCH5S,2,100,3000
GCH5S,2,125,3000
GCH5S,2,150,3000
GCH5S,2,175,3000
GCH5S,2,200,3000
GCH5S,2,225,3000
GCH5S,2,250,3000
GCH5S,2,275,3000
GCH5S,2,300,3000
GCH5S,2,325,3000
GCH5S,2,350,3000
GCH5S,2,375,3000
GCH5S,2,400,3000
GCH5S,2,425,3000
GCH5S,2,450,3000
GCH8S,5,25,3600
GCH8S,5,50,3600
GCH8S,5,75,3600
GCH8S,5,100,3600
GCH8S,5,125,3600
GCH8S,5,150,3600
GCH8S,5,175,3600
GCH8S,5,200,3600
GCH8S,5,225,3600
GCH8S,5,250,3600
GCH8S,5,275,3600
GCH8S,5,300,3600
GCH8S,5,325,3600
GCH8S,5,350,3600
GCH8S,5,375,3600
GCH8S,5,400,3600
GCH8S,5,425,3600
GCH8S,5,450,3600
GCH8S,5,475,3600
GCH8S,5,500,3600
GCH8S,5,525,3600
ECH14,5,50,3600
ECH14,5,100,3600
ECH14,5,150,3600
ECH14,5,200,3600
ECH14,5,250,3600
ECH14,5,300,3600
ECH14,5,350,3600
ECH14,5,400,3600
ECH14,5,450,3600
ECH14,5,500,3600
ECH14,5,550,3600
ECH14,5,600,3600
ECH14,5,650,3300
ECH14,5,700,3000
ECH14,5,750,3000
ECH14,5,800,2700
ECH14,5,850,2400
ECH14,5,900,2100
ECH14,5,950,1800
ECH14,5,1000,1500
ECH14,5,1050,1200
ECH14,10,50,3600
ECH14,10,100,3600
ECH14,10,150,3600
ECH14,10,200,3600
ECH14,10,250,3600
ECH14,10,300,3600
ECH14,10,350,3600
ECH14,10,400,3600
ECH14,10,450,3600
ECH14,10,500,3600
ECH14,10,550,3600
ECH14,10,600,3600
ECH14,10,650,3300
ECH14,10,700,3000
ECH14,10,750,3000
ECH14,10,800,2700
ECH14,10,850,2400
ECH14,10,900,2100
ECH14,10,950,1800
ECH14,10,1000,1500
ECH14,10,1050,1200
ECH14,20,50,3600
ECH14,20,100,3600
ECH14,20,150,3600
ECH14,20,200,3600
ECH14,20,250,3600
ECH14,20,300,3600
ECH14,20,350,3600
ECH14,20,400,3600
ECH14,20,450,3600
ECH14,20,500,3600
ECH14,20,550,3600
ECH14,20,600,3600
ECH14,20,650,3300
ECH14,20,700,3000
ECH14,20,750,3000
ECH14,20,800,2700
ECH14,20,850,2400
ECH14,20,900,2100
ECH14,20,950,1800
ECH14,20,1000,1500
ECH14,20,1050,1200
ECH14,32,50,3600
ECH14,32,100,3600
ECH14,32,150,3600
ECH14,32,200,3600
ECH14,32,250,3600
ECH14,32,300,3600
ECH14,32,350,3600
ECH14,32,400,3600
ECH14,32,450,3600
ECH14,32,500,3600
ECH14,32,550,3600
ECH14,32,600,3600
ECH14,32,650,3300
ECH14,32,700,3000
ECH14,32,750,3000
ECH14,32,800,2700
ECH14,32,850,2400
ECH14,32,900,2100
ECH14,32,950,1800
ECH14,32,1000,1500
ECH14,32,1050,1200
ECH17,5,50,3600
ECH17,5,100,3600
ECH17,5,150,3600
ECH17,5,200,3600
ECH17,5,250,3600
ECH17,5,300,3600
ECH17,5,350,3600
ECH17,5,400,3600
ECH17,5,450,3600
ECH17,5,500,3600
ECH17,5,550,3600
ECH17,5,600,3600
ECH17,5,650,3600
ECH17,5,700,3600
ECH17,5,750,3600
ECH17,5,800,3200
ECH17,5,850,3000
ECH17,5,900,2700
ECH17,5,950,2700
ECH17,5,1000,2400
ECH17,5,1050,2400
ECH17,5,1100,2100
ECH17,5,1150,2100
ECH17,5,1200,1800
ECH17,5,1250,1800
ECH17,10,50,3600
ECH17,10,100,3600
ECH17,10,150,3600
ECH17,10,200,3600
ECH17,10,250,3600
ECH17,10,300,3600
ECH17,10,350,3600
ECH17,10,400,3600
ECH17,10,450,3600
ECH17,10,500,3600
ECH17,10,550,3600
ECH17,10,600,3600
ECH17,10,650,3600
ECH17,10,700,3600
ECH17,10,750,3600
ECH17,10,800,3200
ECH17,10,850,3000
ECH17,10,900,2700
ECH17,10,950,2700
ECH17,10,1000,2400
ECH17,10,1050,2400
ECH17,10,1100,2100
ECH17,10,1150,2100
ECH17,10,1200,1800
ECH17,10,1250,1800
ECH17,20,50,3600
ECH17,20,100,3600
ECH17,20,150,3600
ECH17,20,200,3600
ECH17,20,250,3600
ECH17,20,300,3600
ECH17,20,350,3600
ECH17,20,400,3600
ECH17,20,450,3600
ECH17,20,500,3600
ECH17,20,550,3600
ECH17,20,600,3600
ECH17,20,650,3600
ECH17,20,700,3600
ECH17,20,750,3600
ECH17,20,800,3200
ECH17,20,850,3000
ECH17,20,900,2700
ECH17,20,950,2700
ECH17,20,1000,2400
ECH17,20,1050,2400
ECH17,20,1100,2100
ECH17,20,1150,2100
ECH17,20,1200,1800
ECH17,20,1250,1800
ECH17,40,50,3600
ECH17,40,100,3600
ECH17,40,150,3600
ECH17,40,200,3600
ECH17,40,250,3600
ECH17,40,300,3600
ECH17,40,350,3600
ECH17,40,400,3600
ECH17,40,450,3600
ECH17,40,500,3600
ECH17,40,550,3600
ECH17,40,600,3600
ECH17,40,650,3600
ECH17,40,700,3600
ECH17,40,750,3600
ECH17,40,800,3200
ECH17,40,850,3000
ECH17,40,900,2700
ECH17,40,950,2700
ECH17,40,1000,2400
ECH17,40,1050,2400
ECH17,40,1100,2100
ECH17,40,1150,2100
ECH17,40,1200,1800
ECH17,40,1250,1800
ECH22,5,50,3600
ECH22,5,100,3600
ECH22,5,150,3600
ECH22,5,200,3600
ECH22,5,250,3600
ECH22,5,300,3600
ECH22,5,350,3600
ECH22,5,400,3600
ECH22,5,450,3600
ECH22,5,500,3600
ECH22,5,550,3600
ECH22,5,600,3600
ECH22,5,650,3600
ECH22,5,700,3600
ECH22,5,750,3600
ECH22,5,800,3300
ECH22,5,850,3000
ECH22,5,900,3000
ECH22,5,950,2700
ECH22,5,1000,2700
ECH22,5,1050,2400
ECH22,5,1100,2400
ECH22,5,1150,2100
ECH22,5,1200,2100
ECH22,5,1250,1800
ECH22,5,1300,1800
ECH22,5,1350,1500
ECH22,5,1400,1500
ECH22,5,1450,1200
ECH22,5,1500,1200
ECH22,10,50,3600
ECH22,10,100,3600
ECH22,10,150,3600
ECH22,10,200,3600
ECH22,10,250,3600
ECH22,10,300,3600
ECH22,10,350,3600
ECH22,10,400,3600
ECH22,10,450,3600
ECH22,10,500,3600
ECH22,10,550,3600
ECH22,10,600,3600
ECH22,10,650,3600
ECH22,10,700,3600
ECH22,10,750,3600
ECH22,10,800,3300
ECH22,10,850,3000
ECH22,10,900,3000
ECH22,10,950,2700
ECH22,10,1000,2700
ECH22,10,1050,2400
ECH22,10,1100,2400
ECH22,10,1150,2100
ECH22,10,1200,2100
ECH22,10,1250,1800
ECH22,10,1300,1800
ECH22,10,1350,1500
ECH22,10,1400,1500
ECH22,10,1450,1200
ECH22,10,1500,1200
ECH22,25,50,3600
ECH22,25,100,3600
ECH22,25,150,3600
ECH22,25,200,3600
ECH22,25,250,3600
ECH22,25,300,3600
ECH22,25,350,3600
ECH22,25,400,3600
ECH22,25,450,3600
ECH22,25,500,3600
ECH22,25,550,3600
ECH22,25,600,3600
ECH22,25,650,3600
ECH22,25,700,3600
ECH22,25,750,3600
ECH22,25,800,3300
ECH22,25,850,3000
ECH22,25,900,3000
ECH22,25,950,2700
ECH22,25,1000,2700
ECH22,25,1050,2400
ECH22,25,1100,2400
ECH22,25,1150,2100
ECH22,25,1200,2100
ECH22,25,1250,1800
ECH22,25,1300,1800
ECH22,25,1350,1500
ECH22,25,1400,1500
ECH22,25,1450,1200
ECH22,25,1500,1200
ECH22,40,50,3600
ECH22,40,100,3600
ECH22,40,150,3600
ECH22,40,200,3600
ECH22,40,250,3600
ECH22,40,300,3600
ECH22,40,350,3600
ECH22,40,400,3600
ECH22,40,450,3600
ECH22,40,500,3600
ECH22,40,550,3600
ECH22,40,600,3600
ECH22,40,650,3300
ECH22,40,700,3000
ECH22,40,750,3000
ECH22,40,800,3000
ECH22,40,850,3000
ECH22,40,900,2700
ECH22,40,950,2700
ECH22,40,1000,2400
ECH22,40,1050,2400
ECH22,40,1100,2100
ECH22,40,1150,2100
ECH22,40,1200,1800
ECH22,40,1250,1800
ECH22,40,1300,1500
ECH22,40,1350,1500
ECH22,40,1400,1200
ECH22,40,1450,1200
ECH22,40,1500,900
ECB5,32,50,500
ECB5,32,100,500
ECB5,32,150,500
ECB5,32,200,500
ECB5,32,250,500
ECB5,32,300,500
ECB5,32,350,500
ECB5,32,400,500
ECB5,32,450,500
ECB5,32,500,500
ECB5,32,550,500
ECB5,32,600,500
ECB5,32,650,500
ECB5,32,700,500
ECB5,32,750,500
ECB5,32,800,500
ECB5,40,50,3600
ECB5,40,100,3600
ECB5,40,150,3600
ECB5,40,200,3600
ECB5,40,250,3600
ECB5,40,300,3600
ECB5,40,350,3600
ECB5,40,400,3600
ECB5,40,450,3600
ECB5,40,500,3600
ECB5,40,550,3600
ECB5,40,600,3600
ECB5,40,650,3600
ECB5,40,700,3600
ECB5,40,750,3600
ECB5,40,800,3600
ECB6,40,50,3600
ECB6,40,100,3600
ECB6,40,150,3600
ECB6,40,200,3600
ECB6,40,250,3600
ECB6,40,300,3600
ECB6,40,350,3600
ECB6,40,400,3600
ECB6,40,450,3600
ECB6,40,500,3600
ECB6,40,550,3600
ECB6,40,600,3600
ECB6,40,650,3600
ECB6,40,700,3600
ECB6,40,750,3600
ECB6,40,800,3600
ECB10,32,50,3600
ECB10,32,100,3600
ECB10,32,150,3600
ECB10,32,200,3600
ECB10,32,250,3600
ECB10,32,300,3600
ECB10,32,350,3600
ECB10,32,400,3600
ECB10,32,450,3600
ECB10,32,500,3600
ECB10,32,550,3600
ECB10,32,600,3600
ECB10,32,650,3600
ECB10,32,700,3600
ECB10,32,750,3600
ECB10,32,800,3600
ECB10,32,850,3600
ECB10,32,900,3600
ECB10,32,950,3600
ECB10,32,1000,3600
ECB10,32,1050,3600
ECB10,32,1100,3600
ECB10,32,1150,3600
ECB10,32,1200,3600
ECB10,32,1250,3600
ECB10,32,1300,3600
ECB10,32,1350,3600
ECB10,32,1400,3600
ECB10,32,1450,3600
ECB10,32,1500,3600
ECB10,32,1550,3600
ECB10,32,1600,3600
ECB10,32,1650,3600
ECB10,32,1700,3600
ECB10,32,1750,3600
ECB10,32,1800,3600
ECB10,32,1850,3600
ECB10,32,1900,3600
ECB10,32,1950,3600
ECB10,32,2000,3600
ECB10,32,2050,3600
ECB10,32,2100,3600
ECB10,32,2150,3600
ECB10,32,2200,3600
ECB10,32,2250,3600
ECB10,32,2300,3600
ECB10,32,2350,3600
ECB10,32,2400,3600
ECB10,32,2450,3600
ECB10,32,2500,3600
ECB10,32,2550,3600
ECB14,40,50,3600
ECB14,40,100,3600
ECB14,40,150,3600
ECB14,40,200,3600
ECB14,40,250,3600
ECB14,40,300,3600
ECB14,40,350,3600
ECB14,40,400,3600
ECB14,40,450,3600
ECB14,40,500,3600
ECB14,40,550,3600
ECB14,40,600,3600
ECB14,40,650,3600
ECB14,40,700,3600
ECB14,40,750,3600
ECB14,40,800,3600
ECB14,40,850,3600
ECB14,40,900,3600
ECB14,40,950,3600
ECB14,40,1000,3600
ECB14,40,1050,3600
ECB14,40,1100,3600
ECB14,40,1150,3600
ECB14,40,1200,3600
ECB14,40,1250,3600
ECB14,40,1300,3600
ECB14,40,1350,3600
ECB14,40,1400,3600
ECB14,40,1450,3600
ECB14,40,1500,3600
ECB14,40,1550,3600
ECB14,40,1600,3600
ECB14,40,1650,3600
ECB14,40,1700,3600
ECB14,40,1750,3600
ECB14,40,1800,3600
ECB14,40,1850,3600
ECB14,40,1900,3600
ECB14,40,1950,3600
ECB14,40,2000,3600
ECB14,40,2050,3600
ECB14,40,2100,3600
ECB14,40,2150,3600
ECB14,40,2200,3600
ECB14,40,2250,3600
ECB14,40,2300,3600
ECB14,40,2350,3600
ECB14,40,2400,3600
ECB14,40,2450,3600
ECB14,40,2500,3600
ECB14,40,2550,3600
ECB14,40,2600,3600
ECB14,40,2650,3600
ECB14,40,2700,3600
ECB14,40,2750,3600
ECB14,40,2800,3600
ECB14,40,2850,3600
ECB14,40,2900,3600
ECB14,40,2950,3600
ECB14,40,3600,3600
ECB14,40,3050,3600
ECB17,40,50,3600
ECB17,40,100,3600
ECB17,40,150,3600
ECB17,40,200,3600
ECB17,40,250,3600
ECB17,40,300,3600
ECB17,40,350,3600
ECB17,40,400,3600
ECB17,40,450,3600
ECB17,40,500,3600
ECB17,40,550,3600
ECB17,40,600,3600
ECB17,40,650,3600
ECB17,40,700,3600
ECB17,40,750,3600
ECB17,40,800,3600
ECB17,40,850,3600
ECB17,40,900,3600
ECB17,40,950,3600
ECB17,40,1000,3600
ECB17,40,1050,3600
ECB17,40,1100,3600
ECB17,40,1150,3600
ECB17,40,1200,3600
ECB17,40,1250,3600
ECB17,40,1300,3600
ECB17,40,1350,3600
ECB17,40,1400,3600
ECB17,40,1450,3600
ECB17,40,1500,3600
ECB17,40,1550,3600
ECB17,40,1600,3600
ECB17,40,1650,3600
ECB17,40,1700,3600
ECB17,40,1750,3600
ECB17,40,1800,3600
ECB17,40,1850,3600
ECB17,40,1900,3600
ECB17,40,1950,3600
ECB17,40,2000,3600
ECB17,40,2050,3600
ECB17,40,2100,3600
ECB17,40,2150,3600
ECB17,40,2200,3600
ECB17,40,2250,3600
ECB17,40,2300,3600
ECB17,40,2350,3600
ECB17,40,2400,3600
ECB17,40,2450,3600
ECB17,40,2500,3600
ECB17,40,2550,3600
ECB17,40,2600,3600
ECB17,40,2650,3600
ECB17,40,2700,3600
ECB17,40,2750,3600
ECB17,40,2800,3600
ECB17,40,2850,3600
ECB17,40,2900,3600
ECB17,40,2950,3600
ECB17,40,3600,3600
ECB17,40,3050,3600
ECB17,40,3100,3600
ECB17,40,3150,3600
ECB17,40,3200,3600
ECB17,40,3250,3600
ECB17,40,3300,3600
ECB17,40,3350,3600
ECB17,40,3400,3600
ECB17,40,3450,3600
ECB17,40,3500,3600
ECB17,40,3550,3600
ECB17,40,3600,3600
ECB17,40,3650,3600
ECB17,40,3700,3600
ECB17,40,3750,3600
ECB17,40,3800,3600
ECB17,40,3850,3600
ECB17,40,3900,3600
ECB17,40,3950,3600
ECB17,40,4000,3600
ECB17,40,4050,3600
ECB22,40,50,3600
ECB22,40,100,3600
ECB22,40,150,3600
ECB22,40,200,3600
ECB22,40,250,3600
ECB22,40,300,3600
ECB22,40,350,3600
ECB22,40,400,3600
ECB22,40,450,3600
ECB22,40,500,3600
ECB22,40,550,3600
ECB22,40,600,3600
ECB22,40,650,3600
ECB22,40,700,3600
ECB22,40,750,3600
ECB22,40,800,3600
ECB22,40,850,3600
ECB22,40,900,3600
ECB22,40,950,3600
ECB22,40,1000,3600
ECB22,40,1050,3600
ECB22,40,1100,3600
ECB22,40,1150,3600
ECB22,40,1200,3600
ECB22,40,1250,3600
ECB22,40,1300,3600
ECB22,40,1350,3600
ECB22,40,1400,3600
ECB22,40,1450,3600
ECB22,40,1500,3600
ECB22,40,1550,3600
ECB22,40,1600,3600
ECB22,40,1650,3600
ECB22,40,1700,3600
ECB22,40,1750,3600
ECB22,40,1800,3600
ECB22,40,1850,3600
ECB22,40,1900,3600
ECB22,40,1950,3600
ECB22,40,2000,3600
ECB22,40,2050,3600
ECB22,40,2100,3600
ECB22,40,2150,3600
ECB22,40,2200,3600
ECB22,40,2250,3600
ECB22,40,2300,3600
ECB22,40,2350,3600
ECB22,40,2400,3600
ECB22,40,2450,3600
ECB22,40,2500,3600
ECB22,40,2550,3600
ECB22,40,2600,3600
ECB22,40,2650,3600
ECB22,40,2700,3600
ECB22,40,2750,3600
ECB22,40,2800,3600
ECB22,40,2850,3600
ECB22,40,2900,3600
ECB22,40,2950,3600
ECB22,40,3600,3600
ECB22,40,3050,3600
ECB22,40,3100,3600
ECB22,40,3150,3600
ECB22,40,3200,3600
ECB22,40,3250,3600
ECB22,40,3300,3600
ECB22,40,3350,3600
ECB22,40,3400,3600
ECB22,40,3450,3600
ECB22,40,3500,3600
MG65,90,300,3600
MG65,90,350,3600
MG65,90,400,3600
MG65,90,450,3600
MG65,90,500,3600
MG65,90,550,3600
MG65,90,600,3600
MG65,90,650,3600
MG65,90,700,3600
MG65,90,750,3600
MG65,90,800,3600
MG65,90,850,3600
MG65,90,900,3600
MG65,90,950,3600
MG65,90,1000,3600
MG65,90,1050,3600
MG65,90,1100,3600
MG65,90,1150,3600
MG65,90,1200,3600
MG65,90,1250,3600
MG65,90,1300,3600
MG65,90,1350,3600
MG65,90,1400,3600
MG65,90,1450,3600
MG65,90,1500,3600
MG65,90,1550,3600
MG65,90,1600,3600
MG65,90,1650,3600
MG65,90,1700,3600
MG65,90,1750,3600
MG65,90,1800,3600
MG65,90,1850,3600
MG65,90,1900,3600
MG65,90,1950,3600
MG65,90,2000,3600
MG65,90,2050,3600
MG65,90,2100,3600
MG65,90,2150,3600
MG65,90,2200,3600
MG65,90,2250,3600
MG65,90,2300,3600
MG65,90,2350,3600
MG65,90,2400,3600
MG65,90,2450,3600
MG65,90,2500,3600
MG65,90,2550,3600
MG65,90,2600,3600
MG65,90,2650,3600
MG65,90,2700,3600
MG65,90,2750,3600
MG65,90,2800,3600
MG65,90,2850,3600
MG65,90,2900,3600
MG65,90,2950,3600
MG65,90,3000,3600
MG65,90,3050,3600
MG65,90,3100,3600
MG65,90,3150,3600
MG65,90,3200,3600
MG65,90,3250,3600
MG65,90,3300,3600
MG65,90,3350,3600
MG65,90,3400,3600
MG65,90,3450,3600
MG65,90,3500,3600
MG65,90,3550,3600
MG65,90,3600,3600
MG65,90,3650,3600
MG65,90,3700,3600
